编号,论文名称,年份,期刊或会议,正式状态,DOI或官方页,网络或方法,求解对象,与当前论文共同点,关键差异,对创新威胁,当前论文应采取的动作
1,"Boundary-aware Neural Model Reduction for PDEs",2026,"ACM SIGGRAPH Technical Papers",正式会议,"10.1145/3799902.3811153","无标签变分坐标神经场、约束 lifting","参数化 Laplace 类 PDE eigenbasis / ROM","单一网络、参数族、无标签 eigenanalysis、多基函数","形状与边界族；不直接学习 Bloch 内部简并 fixed-rank projector","高","收窄贡献；把它列为最大整体近邻"
2,"Learning Laplacian Eigenspace with Mass-Aware Neural Operators on Point Clouds",2026,"ACM SIGGRAPH Technical Papers",正式会议,"10.1145/3799902.3811185","NEO、mass-aware operator、冗余 basis、Rayleigh-Ritz","点云 Laplace-Beltrami eigenspace","旋转不变 eigenspace、projector/subspace、摊销求解","监督标签；点云 LBO；非 Bloch PDE 无标签变分训练","高","加入质量矩阵和冗余 rank 对照；不宣称 eigenspace 首创"
3,"Deep Learning for Subspace Regression",2026,"ICLR",正式会议,"https://openreview.net/forum?id=HF60Lu1Maj","监督 Grassmann 回归、冗余 subspace","参数化 PDE/eigenproblem subspace","参数到 Grassmann 子空间、冗余维数","需要预计算 subspace 标签；本文拟无标签训练","高","作为监督上界；强调 equation-driven 差异"
4,"Mesh-independent band structure prediction of phononic crystals via a wave-vector explicit Hybrid Fourier Neural Operator",2026,"Computers & Structures",正式期刊,"10.1016/j.compstruc.2026.108293","Hybrid FNO + wave-vector branch","声子晶体 band structure","显式 wave vector、周期材料、能带泛化","依赖 FEM 标签且只预测 eigenfrequency","中高","加入跨波矢/跨分辨率测试；作为应用级能带代理对照，不是 eigenspace 监督上界"
5,"Neural network acceleration of iterative methods for nonlinear Schrödinger eigenvalue problems",2026,"Journal of Computational and Applied Mathematics",正式期刊,"10.1016/j.cam.2026.117414","U-Net predict-correct / iterative acceleration","非线性 Schrödinger / Gross-Pitaevskii eigenproblem","神经加速本征求解、many-query/迭代校正","非参数化内部简并谱簇；依赖已有轨迹","中","借鉴 predict-correct 和 break-even；避免泛称神经加速首创"
6,"Solving Singularly Perturbed Eigenvalue Problems via TFPM-Inspired Neural Networks",2026,"Journal of Computational and Applied Mathematics",online/in press 2026；Volume 490 (2027),"10.1016/j.cam.2026.117945","TFPM problem-adapted local basis + neural coefficients","奇异摄动本征问题","物理基底加 correction、接近本征值、理论分析","1D singular perturbation；不学参数化 projector","中","参考结构化 basis、理论界和失败边界的写法；准确报告卷期年份"
7,"Eig-PIELM: an efficient mesh-free method for eigenvalue problems using physics-informed extreme learning machines",2026,"Computer Methods in Applied Mechanics and Engineering",正式期刊,"10.1016/j.cma.2025.118674","PIELM、代数投影、单次广义本征求解","1D/2D 结构振动、声学和 Helmholtz eigenspectrum","无标签 PDE eigenproblem、同时多模态、低成本","非参数化内部简并映射；随机特征直接线性代数","中高","加入效率参照；不得无证据声称神经网络更快"
8,"Utilizing Curriculum Learning for High-Frequency Eigenfunction Discovery through a Physics-informed Neural Network",2026,"Journal of Computational Design and Engineering",正式期刊,"10.1093/jcde/qwag056","两阶段 curriculum PINN","Schrödinger 与 L-shaped membrane 高阶 eigenmodes","本征 PINN、谱偏置、二维 PDE","目标是具体高阶模态而非简并谱簇 projector","中低","普通 curriculum 只作训练技巧或基线"
9,"A variational framework for residual-based adaptivity in neural PDE solvers and operator learning",2026,"npj Artificial Intelligence",正式期刊,"10.1038/s44387-026-00084-4","vRBA、自适应 weighting/sampling","PINN 与 operator-learning PDE benchmarks","自适应采样与物理损失","通用 residual adaptivity；不处理谱隙或 Grassmann chart","中","把 residual-RAR/vRBA 纳入基线；创新限定 gap-chart score"
10,"Principled approaches for extending neural architectures to function spaces for operator learning",2026,"Nature Machine Intelligence",正式期刊,"10.1038/s42256-026-01267-z","函数空间神经架构、坐标与求积一致性","operator learning","离散无关、跨分辨率、质量/求积权重","不是本征求解器","低直接创新威胁／高工程相关","实现 M-weighted projector 与 33/65/129 分辨率验证"
11,"Active learning for photonic crystals",2026,"Optics Express",正式期刊,"10.1364/OE.589388","贝叶斯不确定性主动学习","光子晶体昂贵仿真采样","周期材料参数空间、主动选点","监督仿真代理；非 equation-driven eigensolver","中","普通主动学习不能称新；比较 uncertainty 与 gap-chart score"
12,"Symbolic Learning of Topological Bands in Photonic Crystals",2026,"ACS Photonics",正式期刊,"10.1021/acsphotonics.6c00098","KAN 分类与符号回归","二维光子晶体拓扑能带与逆设计","Dirac/拓扑能带、机器学习","监督分类/逆设计，不直接求 PDE eigenfunctions/projector","中","不应只换 KAN；增加对称性和 projector 物理量"
13,"Exact expression for the Berry connection in the projection gauge",2026,"Physical Review B",正式期刊,"10.1103/jh1y-x9nz","projection gauge、局部非阿贝尔 Berry connection","gapped occupied Bloch subspace 的量子几何","projector/subspace 与 gauge 问题","非神经 PDE 求解；并非专门处理 exact internal degeneracy","低（方法）/中（应用启发）","作为二级理论依据；区分 gauge-dependent connection、covariant curvature 与 invariant trace/Wilson spectrum"
14,"Fine structure of Berry curvature and nonquantized valley Chern numbers in valley photonic crystals",2026,"Physical Review B",正式期刊,"10.1103/1sq1-3168","数值 Berry curvature / valley Chern analysis","valley photonic crystals","Dirac valley、简并附近几何量","非神经求解器；光子而非 Schrödinger","低（方法）/高（评价启发）","避免预设拓扑量非零；先做 reference probe"
15,"A physics-informed neural network-based method for dispersion calculations",2025,"International Journal of Mechanical Sciences",正式期刊,"10.1016/j.ijmecsci.2025.110111","Bloch-Floquet PINN、NTK weighting、Fourier features","周期结构实/复色散","无标签 neural PDE eigensolver、Bloch dispersion","逐模态/色散；不直接学习 internally degenerate fixed-rank projector","高","必须纳入应用级平行对照与写作模板"
16,"Shape Space Spectra",2025,"ACM Transactions on Graphics / SIGGRAPH",正式期刊,"10.1145/3731148","无标签变分坐标神经场、dynamic reordering","参数化形状族 Laplace/elastic eigenanalysis","一张网络、参数族、多模态、multiplicity/crossover","具体 eigenfunctions 动态排序；非 Bloch fixed-rank projector/physical chart","高","最危险历史近邻；准确陈述差异"
17,"Revisiting Orbital Minimization Method for Neural Operator Decomposition",2025,"NeurIPS",正式会议,"https://papers.nips.cc/paper_files/paper/2025/hash/a6805b5564bd8d813a81c4b5a97e5ca6-Abstract-Conference.html","OMM unordered block objective","PSD operator eigendecomposition","无序 block、无需逐模态 deflation、神经算子分解","不聚焦参数化 Bloch crossing 与 physics anchor/chart","高","必须实现的无标签 block 强基线"
18,"Subspace method based on neural networks for solving eigenvalue problems",2026,"Communications in Nonlinear Science and Numerical Simulation",正式期刊,"10.1016/j.cnsns.2026.110060","neural trial subspace + dimensionality reduction + Galerkin","典型 PDE eigenvalue problems","神经子空间、正交 basis、Galerkin/Ritz","非参数化 Bloch internally degenerate projector mapping","高","作为强 neural-subspace 基线；Ritz 不宣称创新"
19,"Active Sampling of Interpolation Points to Identify Dominant Subspaces for Model Reduction",2026,"International Journal for Numerical Methods in Engineering",正式期刊,"10.1002/nme.70227","residual-driven frequency/interpolation-point active sampling","线性结构系统的 reachable/observable dominant subspaces 与 ROM","主动选择参数/频率点、subspace、residual estimator","不是 Bloch eigencluster 或神经 PDE 训练","中","主动选择困难参数不能称创新；差异限定为 external-gap surrogate、chart validity 与 fallback"
