pde_type,method,seed,L2_error,Linf_error,training_time,source_shard
allen_cahn,CARS,42,0.9583918893209876,1.040646755560647,1310.7344058750004,production_results_shard_s42.csv
allen_cahn,CARS,123,0.5376966218583829,1.5822644184198438,1312.9929792500006,production_results_shard_s123.csv
allen_cahn,CARS,456,1.044726469792368,1.110182289934465,1315.4396737909992,production_results_shard_s456.csv
allen_cahn,CARS,777,0.6041901859896405,1.9023462360601304,1264.8939983750006,production_results_shard_pCD.csv
allen_cahn,CARS,789,0.9934150266355556,0.9994114767664326,1317.4198142500009,production_results_shard_s789.csv
allen_cahn,CARS,1024,0.984064993065752,1.0283195948876158,1311.4328747500003,production_results_shard_s1024.csv
allen_cahn,CARS,2025,0.5479239222561123,1.6514337609376275,1312.126862041001,production_results_shard_s2025.csv
allen_cahn,CARS,2718,0.5439441815488089,1.6065677950944717,1289.1295612089998,production_results_shard_pAB.csv
allen_cahn,CARS,9001,0.5650401902624865,1.74318438273319,458.54282041700026,production_results_shard_pCD.csv
allen_cahn,CARS,31415,0.56349798756484,1.7528205464447282,457.8732590840009,production_results_shard_pAB.csv
allen_cahn,PACMANN,42,0.793349312842903,1.963307320750636,1338.2720503330002,production_results_shard_s42.csv
allen_cahn,PACMANN,123,0.97867796899578,1.0113223043118245,1340.699817416,production_results_shard_s123.csv
allen_cahn,PACMANN,456,1.0698451032448524,2.1387574813763885,1341.7065493749997,production_results_shard_s456.csv
allen_cahn,PACMANN,777,0.9722813807424412,1.06682955531379,1343.499165542,production_results_shard_pCD.csv
allen_cahn,PACMANN,789,0.9732555957598626,1.049330113446032,1342.043491667,production_results_shard_s789.csv
allen_cahn,PACMANN,1024,0.9841501494053106,1.0305905807667313,1344.0552121660005,production_results_shard_s1024.csv
allen_cahn,PACMANN,2025,0.7395237303741079,1.953658640063695,1345.6020024169993,production_results_shard_s2025.csv
allen_cahn,PACMANN,2718,0.538344172121031,1.6580734799470207,1340.352529875001,production_results_shard_pAB.csv
allen_cahn,PACMANN,9001,0.7309366622378921,1.9578497406610724,463.58777866700075,production_results_shard_pCD.csv
allen_cahn,PACMANN,31415,0.9769454179908588,1.05295704863003,462.4379885420003,production_results_shard_pAB.csv
allen_cahn,RAR_D,42,0.955794623931917,1.004116334109244,1273.0998287500006,production_results_shard_s42.csv
allen_cahn,RAR_D,123,0.9833876227898644,1.0138303296195528,1269.0149098330005,production_results_shard_s123.csv
allen_cahn,RAR_D,456,0.9690002074280056,1.0011158301211884,1268.8320052909994,production_results_shard_s456.csv
allen_cahn,RAR_D,777,0.9672702460700724,0.99966315188879,1272.7535267499998,production_results_shard_pCD.csv
allen_cahn,RAR_D,789,0.977381004515232,1.0414037015192936,1265.665712625001,production_results_shard_s789.csv
allen_cahn,RAR_D,1024,0.9606575694125304,1.0182414949821663,1259.327903417,production_results_shard_s1024.csv
allen_cahn,RAR_D,2025,0.9698248415970168,1.0383582981787882,1260.8337608330005,production_results_shard_s2025.csv
allen_cahn,RAR_D,2718,0.9772837036776642,1.0114571250458966,1264.3395925839995,production_results_shard_pAB.csv
allen_cahn,RAR_D,9001,1.014614294983088,1.0701711543740795,441.059436083,production_results_shard_pCD.csv
allen_cahn,RAR_D,31415,0.958871027920505,1.0357113001053466,440.5321374590003,production_results_shard_pAB.csv
allen_cahn,Standard_PINN,42,0.5393789726557137,1.5417623005026395,1178.0439795829998,production_results_shard_s42.csv
allen_cahn,Standard_PINN,123,0.9787100494360076,1.984522621659184,1176.9625676659998,production_results_shard_s123.csv
allen_cahn,Standard_PINN,456,0.5442978458872781,1.623520488556827,1173.2191460839997,production_results_shard_s456.csv
allen_cahn,Standard_PINN,777,0.5587391943146448,1.6822906087006586,1181.5296831249998,production_results_shard_pCD.csv
allen_cahn,Standard_PINN,789,0.5490182917608386,1.6137346575822575,1175.5322840420004,production_results_shard_s789.csv
allen_cahn,Standard_PINN,1024,0.5504291680731762,1.6351024458970551,1174.2861369580005,production_results_shard_s1024.csv
allen_cahn,Standard_PINN,2025,0.6321921022939699,1.8528181737165828,1176.415625834,production_results_shard_s2025.csv
allen_cahn,Standard_PINN,2718,0.5410938138318221,1.6228889773454325,1179.694164292,production_results_shard_pAB.csv
allen_cahn,Standard_PINN,9001,0.5559506014051746,1.7178673694695137,435.9387244999998,production_results_shard_pCD.csv
allen_cahn,Standard_PINN,31415,0.5514288130326758,1.614666039761517,435.2085750839997,production_results_shard_pAB.csv
burgers_hires,CARS,42,0.3097380349405317,0.9145932084883786,1023.9607066669996,production_results_shard_s42.csv
burgers_hires,CARS,123,0.197874811366812,1.3054717452538986,1026.0802683340005,production_results_shard_s123.csv
burgers_hires,CARS,456,0.567674364904402,1.7001066748112388,1025.3615371249998,production_results_shard_s456.csv
burgers_hires,CARS,777,0.3782885588469195,1.0210663643623548,1010.8811227499996,production_results_shard_pCD.csv
burgers_hires,CARS,789,0.2593610362460801,1.423910876161691,1022.0525118749996,production_results_shard_s789.csv
burgers_hires,CARS,1024,0.2167826729685435,0.7349226238554338,1021.240830542,production_results_shard_s1024.csv
burgers_hires,CARS,2025,0.2231399856377648,1.2092548354652612,1021.8821977499996,production_results_shard_s2025.csv
burgers_hires,CARS,2718,0.232777211593415,1.337454686447454,1011.8368743330008,production_results_shard_pAB.csv
burgers_hires,CARS,9001,0.2511650666775224,1.3617198768891192,477.5938115000008,production_results_shard_pCD.csv
burgers_hires,CARS,31415,0.3947932025546443,1.491776624817131,476.9567359579996,production_results_shard_pAB.csv
burgers_hires,PACMANN,42,0.0279286097998667,0.1932584048913303,1129.173254791,production_results_shard_s42.csv
burgers_hires,PACMANN,123,0.0437912811385752,0.6268617965933013,1129.4098368749997,production_results_shard_s123.csv
burgers_hires,PACMANN,456,0.2678703310804866,1.92016365855272,1125.892757875,production_results_shard_s456.csv
burgers_hires,PACMANN,777,0.0386979035601563,0.5207833841133872,1126.7102357080005,production_results_shard_pCD.csv
burgers_hires,PACMANN,789,0.0128271780329503,0.1146774228465663,1128.657218541,production_results_shard_s789.csv
burgers_hires,PACMANN,1024,0.0978842586402827,1.021930372772625,1128.9620783339997,production_results_shard_s1024.csv
burgers_hires,PACMANN,2025,0.0276506920059146,0.3938002227762804,1127.497574958,production_results_shard_s2025.csv
burgers_hires,PACMANN,2718,0.0237239747564048,0.1679336356024319,1123.24019525,production_results_shard_pAB.csv
burgers_hires,PACMANN,9001,0.049288873909862,0.6007263105509365,491.04291162499976,production_results_shard_pCD.csv
burgers_hires,PACMANN,31415,0.0723072839703747,1.0368934984335365,491.0808077090005,production_results_shard_pAB.csv
burgers_hires,RAR_D,42,0.3056333376356022,1.8884832686984545,1058.707109958,production_results_shard_s42.csv
burgers_hires,RAR_D,123,0.3218604921592515,1.823852149640966,1062.520976959,production_results_shard_s123.csv
burgers_hires,RAR_D,456,0.0767912525794049,0.9348532388004316,1058.2605307919998,production_results_shard_s456.csv
burgers_hires,RAR_D,777,0.179644098862772,1.3659850522117962,1063.861502042,production_results_shard_pCD.csv
burgers_hires,RAR_D,789,0.4653784266272063,1.9963364880916976,1059.7747985,production_results_shard_s789.csv
burgers_hires,RAR_D,1024,0.2668070470902556,0.8040570634323655,1059.7756297500002,production_results_shard_s1024.csv
burgers_hires,RAR_D,2025,0.3189884130010794,1.8794797359586657,1058.7437075,production_results_shard_s2025.csv
burgers_hires,RAR_D,2718,0.4958785862546157,1.8714319550487049,1064.372652834,production_results_shard_pAB.csv
burgers_hires,RAR_D,9001,0.5193951051179324,1.957319752926229,467.5768904999986,production_results_shard_pCD.csv
burgers_hires,RAR_D,31415,0.2456261440110756,1.7101117840153237,468.4064123749995,production_results_shard_pAB.csv
burgers_hires,Standard_PINN,42,0.0079057903643935,0.0475714710659263,1063.988041167,production_results_shard_s42.csv
burgers_hires,Standard_PINN,123,0.0058937179563897,0.0778928970125212,1065.989935208,production_results_shard_s123.csv
burgers_hires,Standard_PINN,456,0.0147233390535868,0.1731671710031885,1063.0368883330002,production_results_shard_s456.csv
burgers_hires,Standard_PINN,777,0.0243291087811521,0.2897324016133044,1058.278109459,production_results_shard_pCD.csv
burgers_hires,Standard_PINN,789,0.020949093484343,0.2194186630837412,1060.726314042,production_results_shard_s789.csv
burgers_hires,Standard_PINN,1024,0.0119038645710139,0.110578278314743,1060.8883351660002,production_results_shard_s1024.csv
burgers_hires,Standard_PINN,2025,0.0128416541237946,0.1350985410290335,1062.876213916,production_results_shard_s2025.csv
burgers_hires,Standard_PINN,2718,0.0176882912487536,0.1879518479185973,1056.366315209,production_results_shard_pAB.csv
burgers_hires,Standard_PINN,9001,0.0094997918913662,0.0811482792665053,475.3359620409992,production_results_shard_pCD.csv
burgers_hires,Standard_PINN,31415,0.0162769596630917,0.1212301946388947,477.6084341250007,production_results_shard_pAB.csv
convection,CARS,42,0.6675403572745516,1.1412054746706743,664.629618334,production_results_shard_s42.csv
convection,CARS,123,0.6165029202506989,1.11366842721141,661.1527020839994,production_results_shard_s123.csv
convection,CARS,456,0.7097898637446514,1.125121827487724,664.134341,production_results_shard_s456.csv
convection,CARS,777,0.7177946171184688,1.1876565025364405,673.8799696670003,production_results_shard_pCD.csv
convection,CARS,789,0.0400217760750577,0.0729194651678173,663.5235470419993,production_results_shard_s789.csv
convection,CARS,1024,0.7218307377192593,1.2128106312258848,662.1450937079999,production_results_shard_s1024.csv
convection,CARS,2025,0.6563721841745969,1.1584767358021175,660.7031972080003,production_results_shard_s2025.csv
convection,CARS,2718,0.6920124278909573,1.1421518176164789,667.214286167,production_results_shard_pAB.csv
convection,CARS,9001,0.6124174297296529,1.1029461578626951,294.96218187499835,production_results_shard_pCD.csv
convection,CARS,31415,0.0277832781422693,0.0444492350274602,295.23643141699904,production_results_shard_pAB.csv
convection,PACMANN,42,0.7307420830282282,1.135828809844802,629.4424013329999,production_results_shard_s42.csv
convection,PACMANN,123,0.7039712255445507,1.0526604102213235,628.6498920829999,production_results_shard_s123.csv
convection,PACMANN,456,0.7078628534115899,1.0748299602285774,621.9546019579993,production_results_shard_s456.csv
convection,PACMANN,777,0.6359500003945636,1.1495372444851522,635.5758194580003,production_results_shard_pCD.csv
convection,PACMANN,789,0.6676814110271472,1.0673243080068844,626.7660114589999,production_results_shard_s789.csv
convection,PACMANN,1024,0.8272918292788976,1.3039299802966506,623.5194827080004,production_results_shard_s1024.csv
convection,PACMANN,2025,0.7009109197256225,1.057764252621699,627.7385906250001,production_results_shard_s2025.csv
convection,PACMANN,2718,0.7498134493596216,1.0721057326897956,630.6572972499998,production_results_shard_pAB.csv
convection,PACMANN,9001,0.7391801312320945,1.1603403510617327,303.4341073329997,production_results_shard_pCD.csv
convection,PACMANN,31415,0.7485144310359236,1.120173302458295,302.8850788330001,production_results_shard_pAB.csv
convection,RAR_D,42,0.3614396519942013,0.5776271893863535,550.5280427079997,production_results_shard_s42.csv
convection,RAR_D,123,0.0563359208508074,0.1213346672969326,550.2029539579999,production_results_shard_s123.csv
convection,RAR_D,456,0.0338749878524482,0.0600064556797601,546.8356940839994,production_results_shard_s456.csv
convection,RAR_D,777,0.0301175368529932,0.0630288607832905,549.4802745839997,production_results_shard_pCD.csv
convection,RAR_D,789,0.0318791251784156,0.0677478629202985,547.3721330829994,production_results_shard_s789.csv
convection,RAR_D,1024,0.0442013798044871,0.0859385681513646,544.1741802500001,production_results_shard_s1024.csv
convection,RAR_D,2025,0.0270446256911848,0.0446694942885952,547.6977511249997,production_results_shard_s2025.csv
convection,RAR_D,2718,0.030266830022414,0.0520673468269735,546.6680706249999,production_results_shard_pAB.csv
convection,RAR_D,9001,0.0512454701456837,0.1004097691255721,280.34857858299983,production_results_shard_pCD.csv
convection,RAR_D,31415,0.034359012031757,0.064363730610582,280.0214440839991,production_results_shard_pAB.csv
convection,Standard_PINN,42,0.0312905388193205,0.0559466860751655,535.2817790419995,production_results_shard_s42.csv
convection,Standard_PINN,123,0.0321596125828905,0.0658828357864257,534.2791677499999,production_results_shard_s123.csv
convection,Standard_PINN,456,0.0409352752280329,0.0845436090698563,533.695018333,production_results_shard_s456.csv
convection,Standard_PINN,777,0.0322629364793997,0.0525039632654086,533.8911410000001,production_results_shard_pCD.csv
convection,Standard_PINN,789,0.0345278338991064,0.0604541355941755,536.3481637089999,production_results_shard_s789.csv
convection,Standard_PINN,1024,0.0289011364941294,0.0634167423645961,534.0155779159995,production_results_shard_s1024.csv
convection,Standard_PINN,2025,0.0301783218543609,0.0595327124243477,534.843051625,production_results_shard_s2025.csv
convection,Standard_PINN,2718,0.03567631824728,0.0779505413173087,532.206911583,production_results_shard_pAB.csv
convection,Standard_PINN,9001,0.0279124946743495,0.0645279646964024,275.3165301249992,production_results_shard_pCD.csv
convection,Standard_PINN,31415,0.0377938311869935,0.0687479529228493,275.5574552499984,production_results_shard_pAB.csv
